{
  "project_info": {
    "project_number": "802542329336",
    "project_id": "eco-earn-c7539",
    "storage_bucket": "eco-earn-c7539.firebasestorage.app"
  },
  "client": [
    {
      "client_info": {
        "mobilesdk_app_id": "1:802542329336:android:20423da8bdfce600134a0d",
        "android_client_info": {
          "package_name": "com.example.eco_earn"
        }
      },
      "oauth_client": [],
      "api_key": [
        {
          "current_key": "AIzaSyBFoxj1OwFr0N6aUZLtJ3pzLJJIVi1pUzk"
        }
      ],
      "services": {
        "appinvite_service": {
          "other_platform_oauth_client": []
        }
      }
    }
  ],
  "configuration_version": "1"
}