{"flutter":{"platforms":{"android":{"default":{"projectId":"eco-earn-c7539","appId":"1:802542329336:android:20423da8bdfce600134a0d","fileOutput":"android/app/google-services.json"}},"ios":{"default":{"projectId":"eco-earn-c7539","appId":"1:802542329336:ios:a2da2954f6617268134a0d","uploadDebugSymbols":false,"fileOutput":"ios/Runner/GoogleService-Info.plist"}},"dart":{"lib/firebase_options.dart":{"projectId":"eco-earn-c7539","configurations":{"android":"1:802542329336:android:20423da8bdfce600134a0d","ios":"1:802542329336:ios:a2da2954f6617268134a0d","web":"1:802542329336:web:c36dda266c3105e2134a0d"}}}}}}